,processor_number,brand,nGeneration,Quarter Launch,Year launch,Lithography,nbr_cores,nbr_P-cores,nbr_E-cores,nbr_threads,max_turbo_frequency,performance-core_base_freq,efficient-core_base_freq,processor_base_freq,cache,processor_base_power,max_memory_size,memory_types,max_PCI,supported_socket,processor_graphics,graphics_max_dynamic_frequency,optane_memory_supported,turbo_boost_max_technology2,turbo_boost_max_technology3,vPro_platform_eligibity,max_resolution_hdmi,freq_hdmi(en Hz),max_resolution_dp,freq_dp(en Hz),max_resolution_edp,freq_edp,X-series,nGeneration2,series2,series
0,i9-13900KS,i9,13th,,,,24,8.0,16.0,32,6.0,3.2,2.4,,36.0,150,128,"Up to DDR5 5600
Up to DDR4 3200",20,LGA1700,UHD 770,1.65,No,Yes,Yes,No, 4096 x 2160 , 60, 7680 x 4320 , 60, 5120 x 3200 , 120,No,13.0,"['K', 'S']",KS
1,i9-13900F,i9,13th,,,,24,8.0,16.0,32,5.6,2.0,1.5,,36.0,65,128,"Up to DDR5 5600, 
Up to DDR4 3200",20,LGA1700,No,,No,Yes,Yes,No,,,,,,,No,13.0,['F'],F
2,i9-13900,i9,13th,,,,24,8.0,16.0,32,5.6,2.0,1.5,,36.0,65,128,"Up to DDR5 5600, 
Up to DDR4 3200",20,LGA1700,UHD 770,1.65,No,Yes,Yes,No, 4096 x 2160 , 60, 7680 x 4320 , 60, 5120 x 3200 , 120,No,13.0,[],O
3,i9-13900T,i9,13th,,,,24,8.0,16.0,32,5.3,1.1,0.8,,36.0,35,128,"Up to DDR5 5600, 
Up to DDR4 3200",20,LGA1700,UHD 770,1.65,No,Yes,Yes,No, 4096 x 2160 , 60, 7680 x 4320 , 60, 5120 x 3200 , 120,No,13.0,['T'],T
4,i7-13700F,i7,13th,,,,16,8.0,8.0,24,5.2,2.1,1.5,,30.0,65,128,"Up to DDR5 5600, 
Up to DDR4 3200",20,LGA1700,No,,No,Yes,Yes,No,,,,,,,No,13.0,['F'],F
5,i7-13700,i7,13th,,,,16,8.0,8.0,24,5.2,2.1,1.5,,30.0,65,128,"Up to DDR5 5600, 
Up to DDR4 3200",20,LGA1700,UHD 770,1.6,No,Yes,Yes,No, 4096 x 2160 , 60, 7680 x 4320 , 60, 5120 x 3200 , 120,No,13.0,[],O
6,i7-13700T,i7,13th,,,,16,8.0,8.0,24,4.9,1.4,1.0,,30.0,35,128,"Up to DDR5 5600, 
Up to DDR4 3200",20,LGA1700,UHD 770,1.6,No,Yes,Yes,No, 4096 x 2160 , 60, 7680 x 4320 , 60, 5120 x 3200 , 120,No,13.0,['T'],T
7,i5-13600,i5,13th,,,,14,6.0,8.0,20,5.0,2.7,2.0,,24.0,65,128,"Up to DDR5 4800
Up to DDR4 3200",20,LGA1700,UHD 770,1.55,No,Yes,No,No, 4096 x 2160 , 60, 7680 x 4320 , 60, 5120 x 3200 , 120,No,13.0,[],O
8,i5-13600T,i5,13th,,,,14,6.0,8.0,20,4.8,1.8,1.3,,24.0,35,128,"Up to DDR5 4800
Up to DDR4 3200",20,LGA1700,UHD 770,1.55,No,Yes,No,No, 4096 x 2160 , 60, 7680 x 4320 , 60, 5120 x 3200 , 120,No,13.0,['T'],T
9,i5-13500,i5,13th,,,,14,6.0,8.0,20,4.8,2.5,1.8,,24.0,65,128,"Up to DDR5 4800
Up to DDR4 3200",20,LGA1700,UHD 770,1.55,No,Yes,No,No, 4096 x 2160 , 60, 7680 x 4320 , 60, 5120 x 3200 , 120,No,13.0,[],O
10,i5-13500T,i5,13th,,,,14,6.0,8.0,20,4.6,1.6,1.2,,24.0,35,128,"Up to DDR5 4800
Up to DDR4 3200",20,LGA1700,UHD 770,1.55,No,Yes,No,No, 4096 x 2160 , 60, 7680 x 4320 , 60, 5120 x 3200 , 120,No,13.0,['T'],T
11,i5-13400F,i5,13th,,,,10,6.0,4.0,16,4.6,2.5,1.8,,20.0,65,128,"Up to DDR5 4800
Up to DDR4 3200",20,LGA1700,No,,No,Yes,No,No,,,,,,,No,13.0,['F'],F
12,i5-13400,i5,13th,,,,10,6.0,4.0,16,4.6,2.5,1.8,,20.0,65,128,"Up to DDR5 4800
Up to DDR4 3200",20,LGA1700,UHD 730,1.55,No,Yes,No,No, 4096 x 2160 , 60, 7680 x 4320 , 60, 5120 x 3200 , 120,No,13.0,[],O
13,i5-13400T ,i5,13th,,,,10,6.0,4.0,16,4.4,1.3,1.0,,20.0,35,128,"Up to DDR5 4800
Up to DDR4 3200",20,LGA1700,UHD 730,1.55,No,Yes,No,No, 4096 x 2160 , 60, 7680 x 4320 , 60, 5120 x 3200 , 120,No,13.0,['T'],T
14,i9-13900K,i9,13th,Q4,2021.0,Intel 7,24,8.0,16.0,32,5.8,3.0,2.2,,36.0,125,128,"Up to DDR5 5600, 
Up to DDR4 3200",20,LGA1700,UHD 770,1.65,No,Yes,Yes,No, 4096 x 2160 , 60, 7680 x 4320 , 60, 5120 x 3200 , 120,No,13.0,['K'],K
15,i9-13900KF,i9,13th,Q4,2021.0,Intel 7,24,8.0,16.0,32,5.8,3.0,2.2,,36.0,125,128,"Up to DDR5 5600, 
Up to DDR4 3200",20,LGA1700,No,,No,Yes,Yes,No,,,,,,,No,13.0,"['K', 'F']",KF
16,i7-13700K,i7,13th,Q4,2021.0,Intel 7,16,8.0,8.0,24,5.4,3.4,2.5,,30.0,125,128,"Up to DDR5 5600, 
Up to DDR4 3200",20,LGA1700,UHD 770,1.6,No,Yes,Yes,No, 4096 x 2160 , 60, 7680 x 4320 , 60, 5120 x 3200 , 120,No,13.0,['K'],K
17,i7-13700KF ,i7,13th,Q4,2021.0,Intel 7,16,8.0,8.0,24,5.4,3.4,2.5,,30.0,125,128,"Up to DDR5 5600, 
Up to DDR4 3200",20,LGA1700,No,,No,Yes,Yes,No,,,,,,,No,13.0,"['K', 'F']",KF
18,i5-13600K ,i5,13th,Q4,2021.0,Intel 7,14,6.0,8.0,20,5.1,3.5,2.6,,24.0,125,128,"Up to DDR5 5600, 
Up to DDR4 3200",20,LGA1700,UHD 770,1.5,No,Yes,No,No, 4096 x 2160 , 60, 7680 x 4320 , 60, 5120 x 3200 , 120,No,13.0,['K'],K
19, i5-13600KF ,i5,13th,Q4,2021.0,Intel 7,14,6.0,8.0,20,5.1,3.5,2.6,,24.0,125,128,"Up to DDR5 5600, 
Up to DDR4 3200",20,LGA1700,No,,No,Yes,No,No,,,,,,,No,13.0,"['K', 'F']",KF
20,i3-13100,i3,13th,,,,4,4.0,0.0,8,4.5,3.4,,,12.0,60,128,"Up to DDR5 4800
Up to DDR4 3200",20,LGA1700,UHD 730,1.5,No,Yes,No,No, 4096 x 2160 , 60, 7680 x 4320 , 60, 5120 x 3200 , 120,No,13.0,[],O
21,i3-13100F,i3,13th,,,,4,4.0,0.0,8,4.5,3.4,,,12.0,58,128,"Up to DDR5 4800
Up to DDR4 3200",20,LGA1700,No,,No,Yes,No,No,,,,,,,No,13.0,['F'],F
22,i3-13100T,i3,13th,,,,4,4.0,0.0,8,4.2,2.5,,,12.0,35,128,"Up to DDR5 4800
Up to DDR4 3200",20,LGA1700,UHD 730,1.5,No,Yes,No,No, 4096 x 2160 , 60, 7680 x 4320 , 60, 5120 x 3200 , 120,No,13.0,['T'],T
23,i9-12900KS,i9,12th,Q1,2022.0,Intel 7,16,8.0,8.0,24,5.5,3.4,2.5,,30.0,150,128,"Up to DDR5-4800, 
Up to DDR4-3200",20,LGA1700,UHD 770,1.55,Yes,Yes,Yes,Yes, 4096 x 2160 , 60, 7680 x 4320 , 60, 5120 x 3200 , 120,No,12.0,"['K', 'S']",KS
24,i9-12900K,i9,12th,Q4,2021.0,Intel 7,16,8.0,8.0,24,5.2,3.2,2.4,,30.0,125,128,"Up to DDR5-4800, 
Up to DDR4-3200",20,LGA1700,UHD 770,1.55,Yes,Yes,Yes,Yes, 4096 x 2160 , 60, 7680 x 4320 , 60, 5120 x 3200 , 120,No,12.0,['K'],K
25,i9-12900KF,i9,12th,Q4,2021.0,Intel 7,16,8.0,8.0,24,5.2,3.2,2.4,,30.0,125,128,"Up to DDR5-4800, 
Up to DDR4-3200",20,LGA1700,No,,Yes,Yes,Yes,No,,,,,,,No,12.0,"['K', 'F']",KF
26,i9-12900F,i9,12th,Q1,2022.0,Intel 7,16,8.0,8.0,24,5.1,2.4,1.8,,30.0,65,128,"Up to DDR5-4800, 
Up to DDR4-3200",20,LGA1700,No,,Yes,Yes,Yes,No,,,,,,,No,12.0,['F'],F
27,i9-12900,i9,12th,Q1,2022.0,Intel 7,16,8.0,8.0,24,5.1,2.4,1.8,,30.0,65,128,"Up to DDR5-4800, 
Up to DDR4-3200",20,LGA1700,UHD 770,1.55,Yes,Yes,Yes,Yes, 4096 x 2160 , 60, 7680 x 4320 , 60, 5120 x 3200 , 120,No,12.0,[],O
28,i7-12700,i7,12th,Q1,2022.0,Intel 7,12,8.0,4.0,20,4.9,2.1,1.6,,25.0,65,128,"Up to DDR5-4800, 
Up to DDR4-3200",20,LGA1700,UHD 770,1.5,Yes,Yes,yes,Yes, 4096 x 2160 , 60, 7680 x 4320 , 60, 5120 x 3200 , 120,No,12.0,[],O
29,i7-12700F,i7,12th,Q1,2022.0,Intel 7,12,8.0,4.0,20,4.9,2.1,1.6,,25.0,65,128,"Up to DDR5-4800, 
Up to DDR4-3200",20,LGA1700,No,,Yes,Yes,Yes,No,,,,,,,No,12.0,['F'],F
30,i9-12900T,i9,12th,Q4,2021.0,Intel 7,16,8.0,8.0,24,4.9,1.4,1.0,,30.0,35,128,"Up to DDR5-4800, 
Up to DDR4-3200",20,LGA1700,UHD 770,1.55,Yes,Yes,Yes,Yes, 4096 x 2160 , 60, 7680 x 4320 , 60, 5120 x 3200 , 120,No,12.0,['T'],T
31,i7-12700K,i7,12th,Q1,2022.0,Intel 7,12,8.0,4.0,20,5.0,3.6,2.7,,25.0,125,128,"Up to DDR5-4800, 
Up to DDR4-3200",20,LGA1700,UHD 770,1.5,Yes,Yes,yes,yes, 4096 x 2160 , 60, 7680 x 4320 , 60, 5120 x 3200 ," 120
",No,12.0,['K'],K
32,i7-12700KF,i7,12th,Q1,2022.0,Intel 7,12,8.0,4.0,20,5.0,3.6,2.7,,25.0,125,128,"Up to DDR5-4800, 
Up to DDR4-3200",20,LGA1700,No,,Yes,Yes,Yes,No,,,,,,,No,12.0,"['K', 'F']",KF
33,i5-12600,i5,12th,Q1,2022.0,Intel 7,6,6.0,0.0,12,4.8,3.3,,,18.0,65,128,"Up to DDR5-4800, 
Up to DDR4-3200",20,LGA1700,UHD 770,1.45,Yes,Yes,No,Yes, 4096 x 2160 , 60, 7680 x 4320 , 60, 5120 x 3200 , 120,No,12.0,[],O
34,i5-12400,i5,12th,Q1,2022.0,Intel 7,6,6.0,0.0,12,4.4,2.5,,,18.0,65,128,"Up to DDR5-4800, 
Up to DDR4-3200",20,LGA1700,UHD 730,1.45,Yes,Yes,No,No, 4096 x 2160 , 60, 7680 x 4320 , 60, 5120 x 3200 , 120,No,12.0,[],O
35,i5-12400F,i5,12th,Q1,2022.0,Intel 7,6,6.0,0.0,12,4.4,2.5,,,18.0,65,128,"Up to DDR5-4800, 
Up to DDR4-3200",20,LGA1700,No,,Yes,Yes,No,No,,,,,,,No,12.0,['F'],F
36,i7-12700T,i7,12th,Q1,2022.0,Intel 7,12,8.0,4.0,20,4.7,1.4,1.0,,25.0,35,128,"Up to DDR5-4800, 
Up to DDR4-3200",20,LGA1700,UHD 770,1.5,Yes,Yes,yes,Yes, 4096 x 2160 , 60, 7680 x 4320 , 60, 5120 x 3200 , 120,No,12.0,['T'],T
37,i5-12400T,i5,12th,Q1,2022.0,Intel 7,6,6.0,0.0,12,4.2,1.8,,,18.0,35,128,"Up to DDR5-4800, 
Up to DDR4-3200",20,LGA1700,UHD 730,1.45,Yes,Yes,No,No, 4096 x 2160 , 60, 7680 x 4320 , 60, 5120 x 3200 , 120,No,12.0,['T'],T
38,i5-12500,i5,12th,Q1,2022.0,Intel 7,6,6.0,0.0,12,4.6,3.0,,,18.0,65,128,"Up to DDR5-4800, 
Up to DDR4-3200",20,LGA1700,UHD 770,1.45,Yes,Yes,No,Yes, 4096 x 2160 , 60, 7680 x 4320 , 60, 5120 x 3200 , 120,No,12.0,[],O
39,i5-12500T,i5,12th,Q1,2022.0,Intel 7,6,6.0,0.0,12,4.4,2.0,,,18.0,35,128,"Up to DDR5-4800, 
Up to DDR4-3200",20,LGA1700,UHD 770,1.45,Yes,Yes,No,Yes, 4096 x 2160 , 60, 7680 x 4320 , 60, 5120 x 3200 , 120,No,12.0,['T'],T
40,i5-12600K,i5,12th,Q1,2022.0,Intel 7,10,6.0,4.0,16,4.9,3.7,2.8,,20.0,125,128,"Up to DDR5-4800, 
Up to DDR4-3200",20,LGA1700,UHD 770,1.45,Yes,Yes,No,Yes, 4096 x 2160 , 60, 7680 x 4320 , 60, 5120 x 3200 , 120,No,12.0,['K'],K
41,i5-12600KF,i5,12th,Q4,2021.0,Intel 7,10,6.0,4.0,16,4.9,3.7,2.8,,20.0,125,128,"Up to DDR5-4800, 
Up to DDR4-3200",20,LGA1700,No,,Yes,Yes,No,No,,,,,,,No,12.0,"['K', 'F']",KF
42,i3-12300,i3,12th,Q1,2022.0,Intel 7,4,4.0,0.0,8,4.4,3.5,,,12.0,60,128,"Up to DDR5-4800, 
Up to DDR4-3200",20,LGA1700,UHD 730,1.45,Yes,Yes,No,No, 4096 x 2160 , 60, 7680 x 4320 , 60, 5120 x 3200 , 120,No,12.0,[],O
43,i3-12100,i3,12th,Q1,2022.0,Intel 7,4,4.0,0.0,8,4.3,3.3,,,12.0,60,128,"Up to DDR5-4800, 
Up to DDR4-3200",20,LGA1700,UHD 730,1.4,Yes,Yes,No,No, 4096 x 2160 , 60, 7680 x 4320 , 60, 5120 x 3200 , 120,No,12.0,[],O
44,i3-12100F,i3,12th,Q1,2022.0,Intel 7,4,4.0,0.0,8,4.3,3.3,,,12.0,58,128,"Up to DDR5-4800, 
Up to DDR4-3200",20,LGA1700,No,,Yes,Yes,No,No,,,,,,,No,12.0,['F'],F
45,i5-12600T,i5,12th,Q1,2022.0,Intel 7,6,6.0,0.0,12,4.6,2.1,,,18.0,35,128,"Up to DDR5-4800, 
Up to DDR4-3200",20,LGA1700,UHD 770,1.45,Yes,Yes,No,Yes, 4096 x 2160 , 60, 7680 x 4320 , 60, 5120 x 3200 , 120,No,12.0,['T'],T
46,i3-12300T,i3,12th,Q1,2022.0,Intel 7,4,4.0,0.0,8,4.2,2.3,,,12.0,35,128,"Up to DDR5-4800, 
Up to DDR4-3200",20,LGA1700,UHD 730,1.45,Yes,Yes,No,No, 4096 x 2160 , 60, 7680 x 4320 , 60, 5120 x 3200 , 120,No,12.0,['T'],T
47,i3-12100T,i3,12th,Q1,2022.0,Intel 7,4,4.0,0.0,8,4.1,2.2,,,12.0,35,128,"Up to DDR5-4800, 
Up to DDR4-3200",20,LGA1700,UHD 730,1.4,Yes,Yes,No,No, 4096 x 2160 , 60, 7680 x 4320 , 60, 5120 x 3200 , 120,No,12.0,['T'],T
48,i7-11700,i7,11th,Q1,2021.0,14,8,,,16,4.9,,,2.5,16.0,65,128,DDR4-3200,20,LGA1200,UHD 750,1.3,Yes,Yes,Yes,Yes, 4096 x 2304 , 24, 3840 x 2160 , 60, 3840x 2160 , 60,No,11.0,[],O
49,i9-11900T,i9,11th,Q1,2021.0,14,8,,,16,4.9,,,1.5,16.0,35,128,DDR4-3200,20,LGA1200,UHD 750,1.3,Yes,Yes,Yes,Yes, 4096 x 2160 , 60, 5120 x 3200 , 60, 5120 x 3200 ,60,No,11.0,['T'],T
50,i9-11900KF,i9,11th,Q1,2021.0,14,8,,,16,5.2,,,3.5,16.0,125,128,DDR4-3200,20,LGA1200,No ,,Yes,Yes,Yes,No,,,,,,,No,11.0,"['K', 'F']",KF
51,i9-11900K,i9,11th,Q1,2021.0,14,8,,,16,5.3,,,3.5,16.0,125,128,DDR4-3200,20,LGA1200,UHD 750,1.3,Yes,Yes,Yes,Yes, 4096 x 2160 , 60, 5120 x 3200 , 60, 5120 x 3200 ,60,No,11.0,['K'],K
52,i9-11900F,i9,11th,Q1,2021.0,14,8,,,16,5.2,,,2.5,16.0,65,128,DDR4-3200,20,LGA1200,No ,,Yes,Yes,Yes,No,,,,,,,No,11.0,['F'],F
53,i9-11900,i9,11th,Q1,2021.0,14,8,,,16,5.2,,,2.5,16.0,65,128,DDR4-3200,20,LGA1200,UHD 750,1.3,Yes,Yes,Yes,Yes, 4096 x 2160 , 60, 5120 x 3200 , 60, 5120 x 3200 ,60,No,11.0,[],O
54,i7-11700T,i7,11th,Q1,2021.0,14,8,,,16,4.6,,,1.4,16.0,35,128,DDR4-3200,20,LGA1200,UHD 750,1.3,Yes,Yes,Yes,Yes, 4096 x 2160 , 60, 5120 x 3200 , 60, 5120 x 3200 ,60,No,11.0,['T'],T
55,i7-11700KF,i7,11th,Q1,2021.0,14,8,,,16,5.0,,,3.6,16.0,125,128,DDR4-3200,20,LGA1200,No ,,Yes,Yes,Yes,No,,,,,,,No,11.0,"['K', 'F']",KF
56,i7-11700K,i7,11th,Q1,2021.0,14,8,,,16,5.0,,,3.6,16.0,125,128,DDR4-3200,20,LGA1200,UHD 750,1.3,Yes,Yes,Yes,Yes, 4096 x 2160 , 60, 5120 x 3200 , 60, 5120 x 3200 ,60,No,11.0,['K'],K
57,i7-11700F,i7,11th,Q1,2021.0,14,8,,,16,4.9,,,2.5,16.0,65,128,DDR4-3200,20,LGA1200,No ,,Yes,Yes,Yes,No,,,,,,,No,11.0,['F'],F
58,i5-11600T,i5,11th,Q1,2021.0,14,6,,,12,4.1,,,1.7,12.0,35,128,DDR4-3200,20,LGA1200,UHD 750,1.3,Yes,Yes,No,Yes, 4096 x 2160 , 60, 5120 x 3200 , 60, 5120 x 3200 ,60,No,11.0,['T'],T
59,i5-11600KF,i5,11th,Q1,2021.0,14,6,,,12,4.9,,,3.9,12.0,125,128,DDR4-3200,20,LGA1200,No ,,Yes,Yes,No,No,,,,,,,No,11.0,"['K', 'F']",KF
60,i5-11600K,i5,11th,Q1,2021.0,14,6,,,12,4.9,,,3.9,12.0,125,128,DDR4-3200,20,LGA1200,UHD 750,1.3,Yes,Yes,No,Yes, 4096 x 2160 , 60, 5120 x 3200 , 60, 5120 x 3200 ,60,No,11.0,['K'],K
61,i5-11600,i5,11th,Q1,2021.0,14,6,,,12,4.8,,,2.8,12.0,65,128,DDR4-3200,20,LGA1200,UHD 750,1.3,Yes,Yes,No,Yes, 4096 x 2160 , 60, 5120 x 3200 , 60, 5120 x 3200 ,60,No,11.0,[],O
62,i5-11500T,i5,11th,Q1,2021.0,14,6,,,12,3.9,,,1.5,12.0,35,128,DDR4-3200,20,LGA1200,UHD 750,1.2,Yes,Yes,No,Yes, 4096 x 2160 , 60, 5120 x 3200 , 60, 5120 x 3200 ,60,No,11.0,['T'],T
63,i5-11500,i5,11th,Q1,2021.0,14,6,,,12,4.6,,,2.7,12.0,65,128,DDR4-3200,20,LGA1200,UHD 750,1.3,Yes,Yes,No,Yes, 4096 x 2160 , 60, 5120 x 3200 , 60, 5120 x 3200 , 60,No,11.0,[],O
64,i5-11400F,i5,11th,Q1,2021.0,14,6,,,12,4.4,,,2.6,12.0,65,128,DDR4-3200,20,LGA1200,No ,,Yes,Yes,No,No,,,,,,,No,11.0,['F'],F
65,i3-10325,i3,10th,Q1,2021.0,14,4,,,8,4.7,,,3.9,8.0,65,128,DDR4-2666,16,LGA1200,UHD 630,1.15,Yes,Yes,No,No, 4096 x 2160 , 30, 4096 x 2304 , 60, 4096 x 2304 , 60,No,10.0,[],O
66,i3-10305T,i3,10th,Q1,2021.0,14,4,,,8,4.0,,,3.0,8.0,35,128,DDR4-2666,16,LGA1200,UHD 630,1.1,Yes,Yes,No,No, 4096 x 2160 , 30, 4096 x 2304 , 60, 4096 x 2304 , 60,No,10.0,['T'],T
67,i3-10305,i3,10th,Q1,2021.0,14,4,,,8,4.5,,,3.8,8.0,65,128,DDR4-2666,16,LGA1200,UHD 630,1.15,Yes,Yes,No,No, 4096 x 2160 , 30, 4096 x 2304 , 60, 4096 x 2304 , 60,No,10.0,[],O
68,i3-10105T,i3,10th,Q1,2021.0,14,4,,,8,3.9,,,3.0,6.0,35,128,DDR4-2666,16,LGA1200,UHD 630,1.1,Yes,Yes,No,No, 4096 x 2160 , 30, 4096 x 2304 , 60, 4096 x 2304 , 60,No,10.0,['T'],T
69,i3-10105,i3,10th,Q1,2021.0,14,4,,,8,4.4,,,3.7,6.0,65,128,DDR4-2666,16,LGA1200,UHD 630,1.1,Yes,Yes,No,No, 4096 x 2160 , 30, 4096 x 2304 , 60, 4096 x 2304 , 60,No,10.0,[],O
70,i3-10105F,i3,10th,Q1,2021.0,14,4,,,8,4.4,,,3.7,6.0,65,128,DDR4-2666,16,LGA1200,No ,,Yes,Yes,No,No,,,,,,,No,10.0,['F'],F
71,i3-10100F,i3,10th,Q4,2020.0,14,4,,,8,4.3,,,3.6,6.0,65,128,DDR4-2666,16,LGA1200,No ,,Yes,Yes,No,No,,,,,,,No,10.0,['F'],F
72,i9-10850K,i9,10th,Q3,2020.0,14,10,,,20,5.2,,,3.6,20.0,125,128,DDR4-2933,16,LGA1200,UHD 630,1.2,Yes,Yes,Yes,No, 4096 x 2160 , 30, 4096 x 2304 , 60, 4096 x 2304 , 60,No,10.0,['K'],K
73,i9-10900T,i9,10th,Q2,2020.0,14,10,,,20,4.6,,,1.9,20.0,35,128,DDR4-2933,16,LGA1200,UHD 630,1.2,Yes,Yes,Yes,Yes, 4096 x 2160 , 30, 4096 x 2304 , 60, 4096 x 2304 , 60,No,10.0,['T'],T
74,i9-10900KF,i9,10th,Q2,2020.0,14,10,,,20,5.3,,,3.7,20.0,125,128,DDR4-2933,16,LGA1200,No ,,Yes,Yes,Yes,No,,,,,,,No,10.0,"['K', 'F']",KF
75,i9-10900K,i9,10th,Q2,2020.0,14,10,,,20,5.3,,,3.7,20.0,125,128,DDR4-2933,16,LGA1200,UHD 630,1.2,Yes,Yes,Yes,Yes, 4096 x 2160 , 30, 4096 x 2304 , 60, 4096 x 2304 , 60,No,10.0,['K'],K
76,i9-10900F,i9,10th,Q2,2020.0,14,10,,,20,5.2,,,2.8,20.0,65,128,DDR4-2933,16,LGA1200,No ,,Yes,Yes,Yes,No,,,,,,,No,10.0,['F'],F
77,i9-10900,i9,10th,Q2,2020.0,14,10,,,20,5.2,,,2.8,20.0,65,128,DDR4-2933,16,LGA1200,UHD 630,1.2,Yes,Yes,Yes,Yes, 4096 x 2160 , 30, 4096 x 2304 , 60, 4096 x 2304 , 60,No,10.0,[],O
78,i7-10700T,i7,10th,Q2,2020.0,14,8,,,16,4.5,,,2.0,16.0,35,128,DDR4-2933,16,LGA1200,UHD 630,1.2,Yes,Yes,Yes,yes, 4096 x 2304 , 24, 3840 x 2160 , 60, 3840x 2160 , 60,No,10.0,['T'],T
79,i7-10700KF,i7,10th,Q2,2020.0,14,8,,,16,5.1,,,3.8,16.0,125,128,DDR4-2933,16,LGA1200,No ,,Yes,Yes,Yes,No,,,,,,,No,10.0,"['K', 'F']",KF
80,i7-10700K,i7,10th,Q2,2020.0,14,8,,,16,5.1,,,3.8,16.0,125,128,DDR4-2933,16,LGA1200,UHD 630,1.2,Yes,Yes,Yes,Yes, 4096 x 2160 , 30, 4096 x 2304 , 60, 4096 x 2304 , 60,No,10.0,['K'],K
81,i7-10700F,i7,10th,Q2,2020.0,14,8,,,16,4.8,,,2.9,16.0,65,128,DDR4-2933,16,LGA1200,No ,,Yes,Yes,Yes,No,,,,,,,No,10.0,['F'],F
82,i7-10700,i7,10th,Q2,2020.0,14,8,,,16,4.8,,,2.9,16.0,65,128,DDR4-2933,16,LGA1200,UHD 630,1.2,Yes,Yes,Yes,yes, 4096 x 2160 , 30, 4096 x 2304 , 60, 4096 x 2304 , 60,No,10.0,[],O
83,i5-10600T,i5,10th,Q2,2020.0,14,6,,,12,4.0,,,2.4,12.0,35,128,DDR4-2666,16,LGA1200,UHD 630,1.2,Yes,Yes,No,Yes, 4096 x 2160 , 30, 4096 x 2304 , 60, 4096 x 2304 , 60,No,10.0,['T'],T
84,i5-10600KF,i5,10th,Q2,2020.0,14,6,,,12,4.8,,,4.1,12.0,125,128,DDR4-2666,16,LGA1200,No ,,Yes,Yes,No,No,,,,,,,No,10.0,"['K', 'F']",KF
85,i5-10600K,i5,10th,Q2,2020.0,14,6,,,12,4.8,,,4.1,12.0,125,128,DDR4-2666,16,LGA1200,UHD 630,1.2,Yes,Yes,No,Yes, 4096 x 2160 , 30, 4096 x 2304 , 60, 4096 x 2304 , 60,No,10.0,['K'],K
86,i5-10600,i5,10th,Q2,2020.0,14,6,,,12,4.8,,,3.3,12.0,65,128,DDR4-2666,16,LGA1200,UHD 630,1.2,Yes,Yes,No,Yes, 4096 x 2160 , 30, 4096 x 2304 , 60, 4096 x 2304 , 60,No,10.0,[],O
87,i5-10500T,i5,10th,Q2,2020.0,14,6,,,12,3.8,,,2.3,12.0,35,128,DDR4-2666,16,LGA1200,UHD 630,1.15,Yes,Yes,No,Yes, 4096 x 2160 , 30, 4096 x 2304 , 60, 4096 x 2304 , 60,No,10.0,['T'],T
88,i5-10500,i5,10th,Q2,2020.0,14,6,,,12,4.5,,,3.1,12.0,65,128,DDR4-2666,16,LGA1200,UHD 630,1.15,Yes,Yes,No,Yes, 4096 x 2160 , 30, 4096 x 2304 , 60, 4096 x 2304 , 60,No,10.0,[],O
89,i5-10400T,i5,10th,Q2,2020.0,14,6,,,12,3.6,,,2.0,12.0,35,128,DDR4-2666,16,LGA1200,UHD 630,1.1,Yes,Yes,No,No, 4096 x 2160 , 30, 4096 x 2304 , 60, 4096 x 2304 , 60,No,10.0,['T'],T
90,i5-10400F,i5,10th,Q2,2020.0,14,6,,,12,4.3,,,2.9,12.0,65,128,DDR4-2666,16,LGA1200,No ,,Yes,Yes,No,No,,,,,,,No,10.0,['F'],F
91,i5-10400,i5,10th,Q2,2020.0,14,6,,,12,4.3,,,2.9,12.0,65,128,DDR4-2666,16,LGA1200,UHD 630,1.1,Yes,Yes,No,No, 4096 x 2160 , 30, 4096 x 2304 , 60, 4096 x 2304 , 60,No,10.0,[],O
92,i3-10320,i3,10th,Q2,2020.0,14,4,,,8,4.6,,,3.8,8.0,65,128,DDR4-2666,16,LGA1200,UHD 630,1.15,Yes,Yes,No,No, 4096 x 2160 , 30, 4096 x 2304 , 60, 4096 x 2304 , 60,No,10.0,[],O
93,i3-10300T,i3,10th,Q2,2020.0,14,4,,,8,3.9,,,3.0,8.0,35,128,DDR4-2666,16,LGA1200,UHD 630,1.1,Yes,Yes,No,No, 4096 x 2160 , 30, 4096 x 2304 , 60, 4096 x 2304 , 60,No,10.0,['T'],T
94,i3-10300,i3,10th,Q2,2020.0,14,4,,,8,4.4,,,3.7,8.0,65,128,DDR4-2666,16,LGA1200,UHD 630,1.15,Yes,Yes,No,No, 4096 x 2160 , 30, 4096 x 2304 , 60, 4096 x 2304 , 60,No,10.0,[],O
95,i3-10100T,i3,10th,Q2,2020.0,14,4,,,8,3.8,,,3.0,6.0,35,128,DDR4-2666,16,LGA1200,UHD 630,1.1,Yes,Yes,No,No, 4096 x 2160 , 30, 4096 x 2304 , 60, 4096 x 2304 , 60,No,10.0,['T'],T
96,i3-10100,i3,10th,Q2,2020.0,14,4,,,8,4.3,,,3.6,6.0,65,128,DDR4-2666,16,LGA1200,UHD 630,1.1,Yes,Yes,No,No, 4096 x 2160 , 30, 4096 x 2304 , 60, 4096 x 2304 , 60,No,10.0,[],O
97,i9-9900KS,i9,9th,Q4,2019.0,14,8,,,16,5.0,,,4.0,16.0,127,128,DDR4-2666,16,LGA1151,UHD 630,1.2,Yes,Yes,No,No, 4096 x 2304 , 24, 4096 x 2304 , 60, 4096 x 2304 , 60,No,9.0,"['K', 'S']",KS
98,i9-10980XE,i9,X-series,Q4,2019.0,14,18,,,36,4.8,,,3.0,24.75,165,256,DDR4-2933,48,LGA2066,No ,,Yes,Yes,Yes,No,,,,,,,Yes,10.0,['E'],E
99,i9-10940X,i9,X-series,Q4,2019.0,14,14,,,28,4.8,,,3.3,19.25,165,256,DDR4-2933,48,LGA2066,No ,,Yes,Yes,Yes,No,,,,,,,Yes,10.0,[],O
100,i9-10920X,i9,X-series,Q4,2019.0,14,12,,,24,4.8,,,3.5,19.25,165,256,DDR4-2933,48,LGA2066,No ,,Yes,Yes,Yes,No,,,,,,,Yes,10.0,[],O
101,i9-10900X,i9,X-series,Q4,2019.0,14,10,,,20,4.7,,,3.7,19.25,165,256,DDR4-2933,48,LGA2066,No ,,Yes,Yes,Yes,No,,,,,,,Yes,10.0,[],O
102,i9-9900T,i9,9th,Q2,2019.0,14,8,,,16,4.4,,,2.1,16.0,35,128,DDR4-2666,16,LGA1151,UHD 630,1.2,Yes,Yes,No,Yes, 4096 x 2304 , 24, 4096 x 2304 , 60, 4096 x 2304 , 60,No,9.0,['T'],T
103,i9-9900,i9,9th,Q2,2019.0,14,8,,,16,5.0,,,3.1,16.0,65,128,DDR4-2666,16,LGA1151,UHD 630,1.2,Yes,Yes,No,Yes, 4096 x 2304 , 24, 4096 x 2304 , 60, 4096 x 2304 , 60,No,9.0,[],O
104,i7-9700T,i7,9th,Q2,2019.0,14,8,,,8,4.3,,,2.0,12.0,35,128,DDR4-2666,16,LGA1151,UHD 630,1.2,Yes,Yes,No,Yes, 4096 x 2304 , 24, 4096 x 2304 , 60, 4096 x 2304 , 60,No,9.0,['T'],T
105,i7-9700F,i7,9th,Q2,2019.0,14,8,,,8,4.7,,,3.0,12.0,65,128,DDR4-2666,16,LGA1151,No ,,Yes,Yes,No,No,,,,,,,No,9.0,['F'],F
106,i7-9700,i7,9th,Q2,2019.0,14,8,,,8,4.7,,,3.0,12.0,65,128,DDR4-2666,16,LGA1151,UHD 630,1.2,Yes,Yes,No,Yes, 4096 x 2304 , 24, 4096 x 2304 , 60, 4096 x 2304 , 60,No,9.0,[],O
107,i5-9600T,i5,9th,Q2,2019.0,14,6,,,6,3.9,,,2.3,9.0,35,128,DDR4-2666,16,LGA1151,UHD 630,1.15,Yes,Yes,No,Yes, 4096 x 2304 , 24, 4096 x 2304 , 60, 4096 x 2304 , 60,No,9.0,['T'],T
108,i5-9600,i5,9th,Q2,2019.0,14,6,,,6,4.6,,,3.1,9.0,65,128,DDR4-2666,16,LGA1151,UHD 630,1.15,Yes,Yes,No,Yes, 4096 x 2304 , 24, 4096 x 2304 , 60, 4096 x 2304 , 60,No,9.0,[],O
109,i5-9500T,i5,9th,Q2,2019.0,14,6,,,6,3.7,,,2.2,9.0,35,128,DDR4-2666,16,LGA1151,UHD 630,1.1,Yes,Yes,No,Yes, 4096 x 2304 , 24, 4096 x 2304 , 60, 4096 x 2304 , 60,No,9.0,['T'],T
110,i5-9500F,i5,9th,Q2,2019.0,14,6,,,6,4.4,,,3.0,9.0,65,128,DDR4-2666,16,LGA1151,No ,,Yes,Yes,No,No,,,,,,,No,9.0,['F'],F
111,i5-9500,i5,9th,Q2,2019.0,14,6,,,6,4.4,,,3.0,9.0,65,128,DDR4-2666,16,LGA1151,UHD 630,1.1,Yes,Yes,No,Yes, 4096 x 2304 , 24, 4096 x 2304 , 60, 4096 x 2304 , 60,No,9.0,[],O
112,i5-9400T,i5,9th,Q2,2019.0,14,6,,,6,3.4,,,1.8,9.0,35,128,DDR4-2666,16,LGA1151,UHD 630,1.05,Yes,Yes,No,No, 4096 x 2304 , 24, 4096 x 2304 , 60, 4096 x 2304 , 60,No,9.0,['T'],T
113,i3-9350K,i3,9th,Q2,2019.0,14,4,,,4,4.6,,,4.0,8.0,91,64,DDR4-2400,16,LGA1151,UHD 630,1.15,Yes,Yes,No,No, 4096 x 2304 , 24, 4096 x 2304 , 60, 4096 x 2304 , 60,No,9.0,['K'],K
114,i3-9320,i3,9th,Q2,2019.0,14,4,,,4,4.4,,,3.7,8.0,62,64,DDR4-2400,16,LGA1151,UHD 630,1.15,Yes,Yes,No,No, 4096 x 2304 , 24, 4096 x 2304 , 60, 4096 x 2304 , 60,No,9.0,[],O
115,i3-9300T,i3,9th,Q2,2019.0,14,4,,,4,3.8,,,3.2,8.0,35,64,DDR4-2400,16,LGA1151,UHD 630,1.1,Yes,Yes,No,No, 4096 x 2304 , 24, 4096 x 2304 , 60, 4096 x 2304 , 60,No,9.0,['T'],T
116,i3-9300,i3,9th,Q2,2019.0,14,4,,,4,4.3,,,3.7,8.0,62,64,DDR4-2400,16,LGA1151,UHD 630,1.15,Yes,Yes,No,No, 4096 x 2304 , 24, 4096 x 2304 , 60, 4096 x 2304 , 60,No,9.0,[],O
117,i3-9100T,i3,9th,Q2,2019.0,14,4,,,4,3.7,,,3.1,6.0,35,64,DDR4-2400,16,LGA1151,UHD 630,1.1,Yes,Yes,No,No, 4096 x 2304 , 24, 4096 x 2304 , 60, 4096 x 2304 , 60,No,9.0,['T'],T
118,i3-9100F,i3,9th,Q2,2019.0,14,4,,,4,4.2,,,3.6,6.0,65,64,DDR4-2400,16,LGA1151,No ,,Yes,Yes,No,No,,,,,,,No,9.0,['F'],F
119,i3-9100,i3,9th,Q2,2019.0,14,4,,,4,4.2,,,3.6,6.0,65,64,DDR4-2400,16,LGA1151,UHD 630,1.1,Yes,Yes,No,No, 4096 x 2304 , 24, 4096 x 2304 , 60, 4096 x 2304 , 60,No,9.0,[],O
120,i9-9900KF,i9,9th,Q1,2019.0,14,8,,,16,5.0,,,3.6,16.0,95,128,DDR4-2666,16,LGA1151,No ,,Yes,Yes,No,No,,,,,,,No,9.0,"['K', 'F']",KF
121,i7-9700KF,i7,9th,Q1,2019.0,14,8,,,8,4.9,,,3.6,12.0,95,128,DDR4-2666,16,LGA1151,No ,,Yes,Yes,No,No,,,,,,,No,9.0,"['K', 'F']",KF
122,i5-9600KF,i5,9th,Q1,2019.0,14,6,,,6,4.6,,,3.7,9.0,95,128,DDR4-2666,16,LGA1151,No ,,Yes,Yes,No,No,,,,,,,No,9.0,"['K', 'F']",KF
123,i5-9400F,i5,9th,Q1,2019.0,14,6,,,6,4.1,,,2.9,9.0,65,128,DDR4-2666,16,LGA1151,No ,,Yes,Yes,No,No,,,,,,,No,9.0,['F'],F
124,i5-9400,i5,9th,Q1,2019.0,14,6,,,6,4.1,,,2.9,9.0,65,128,DDR4-2666,16,LGA1151,UHD 630,1.1,Yes,Yes,No,No, 4096 x 2304 , 24, 4096 x 2304 , 60, 4096 x 2304 , 60,No,9.0,[],O
125,i3-9350KF,i3,9th,Q1,2019.0,14,4,,,4,4.6,,,4.0,8.0,91,64,DDR4-2400,16,LGA1151,No ,,Yes,Yes,No,No,,,,,,,No,9.0,"['K', 'F']",KF
126,i9-9980XE,i9,X-series,Q4,2018.0,14,18,,,36,4.5,,,3.0,24.75,165,128,DDR4-2666,44,LGA2066,No ,,Yes,Yes,Yes,No,,,,,,,Yes,9.0,['E'],E
127,i9-9960X,i9,X-series,Q4,2018.0,14,16,,,32,4.5,,,3.1,22.0,165,128,DDR4-2666,44,LGA2066,No ,,Yes,Yes,Yes,No,,,,,,,Yes,9.0,[],O
128,i9-9940X,i9,X-series,Q4,2018.0,14,14,,,28,4.5,,,3.3,19.25,165,128,DDR4-2666,44,LGA2066,No ,,Yes,Yes,Yes,No,,,,,,,Yes,9.0,[],O
129,i9-9920X,i9,X-series,Q4,2018.0,14,12,,,24,4.5,,,3.5,19.25,165,128,DDR4-2666,44,LGA2066,No ,,Yes,Yes,Yes,No,,,,,,,Yes,9.0,[],O
130,i9-9900X,i9,X-series,Q4,2018.0,14,10,,,20,4.5,,,3.5,19.25,165,128,DDR4-2666,44,LGA2066,No ,,Yes,Yes,Yes,No,,,,,,,Yes,9.0,[],O
131,i9-9900K,i9,9th,Q4,2018.0,14,8,,,16,5.0,,,3.6,16.0,95,128,DDR4-2666,16,LGA1151,UHD 630,1.2,Yes,Yes,No,Yes, 4096 x 2304 , 24, 4096 x 2304 , 60, 4096 x 2304 , 60,No,9.0,['K'],K
132,i9-9820X,i9,X-series,Q4,2018.0,14,10,,,20,4.2,,,3.3,16.5,165,128,DDR4-2666,44,LGA2066,No ,,Yes,Yes,Yes,No,,,,,,,Yes,9.0,[],O
133,i7-9800X,i7,X-series,Q4,2018.0,14,8,,,16,4.5,,,3.8,16.5,165,128,DDR4-2666,44,LGA2066,No ,,Yes,Yes,Yes,No,,,,,,,Yes,9.0,[],O
134,i7-9700K,i7,9th,Q4,2018.0,14,8,,,8,4.9,,,3.6,12.0,95,128,DDR4-2666,16,LGA1151,UHD 630,1.2,Yes,Yes,No,Yes, 4096 x 2304 , 24, 4096 x 2304 , 60, 4096 x 2304 , 60,No,9.0,['K'],K
135,i5-9600k,i5,9th,Q4,2018.0,14,6,,,6,4.6,,,3.7,9.0,95,128,DDR4-2666,16,LGA1151,UHD 630,1.15,Yes,Yes,No,Yes, 4096 x 2304 , 24, 4096 x 2304 , 60, 4096 x 2304 , 60,No,9.0,[],K
136,i7-8700T,i7,8th,Q2,2018.0,14,6,,,12,4.0,,,2.4,12.0,35,128,DDR4-2666,16,LGA1151,UHD 630,1.2,Yes,Yes,No,Yes, 4096 x 2304 , 24, 4096 x 2304 , 60, 4096 x 2304 , 60,No,8.0,['T'],T
137,i7-8700,i7,8th,Q2,2018.0,14,6,,,12,4.6,,,3.2,12.0,65,64,DDR4-2666,16,LGA1151,UHD 630,1.2,Yes,Yes,No,Yes, 4096 x 2304 , 24, 4096 x 2304 , 60, 4096 x 2304 , 60,No,,[],O
138,i7-8086K,i7,8th,Q2,2018.0,14,6,,,12,5.0,,,4.0,12.0,95,128,DDR4-2666,16,LGA1151,UHD 630,1.2,Yes,Yes,No,No, 4096 x 2304 , 24, 4096 x 2304 , 60, 4096 x 2304 , 60,No,8.0,['K'],K
139,i5-8600T,i5,8th,Q2,2018.0,14,6,,,6,3.7,,,2.3,9.0,35,128,DDR4-2666,16,LGA1151,UHD 630,1.15,Yes,Yes,No,Yes, 4096 x 2304 , 24, 4096 x 2304 , 60, 4096 x 2304 , 60,No,8.0,['T'],T
140,i5-8600,i5,8th,Q2,2018.0,14,6,,,6,4.3,,,3.1,9.0,65,128,DDR4-2666,16,LGA1151,UHD 630,1.15,Yes,Yes,No,Yes, 4096 x 2304 , 24, 4096 x 2304 , 60, 4096 x 2304 , 60,No,8.0,[],O
141,i5-8500T,i5,8th,Q2,2018.0,14,6,,,6,3.5,,,2.1,9.0,35,128,DDR4-2666,16,LGA1151,UHD 630,1.1,Yes,Yes,No,Yes, 4096 x 2304 , 24, 4096 x 2304 , 60, 4096 x 2304 , 60,No,8.0,['T'],T
142,i5-8500,i5,8th,Q2,2018.0,14,6,,,6,4.1,,,3.0,9.0,65,128,DDR4-2666,16,LGA1151,UHD 630,1.1,Yes,Yes,No,Yes, 4096 x 2304 , 24, 4096 x 2304 , 60, 4096 x 2304 , 60,No,8.0,[],O
143,i5-8400T,i5,8th,Q2,2018.0,14,6,,,6,3.3,,,1.7,9.0,35,128,DDR4-2666,16,LGA1151,UHD 630,1.05,Yes,Yes,No,No, 4096 x 2304 , 24, 4096 x 2304 , 60, 4096 x 2304 , 60,No,8.0,['T'],T
144,i5-8400,i5,8th,Q2,2018.0,14,6,,,6,4.0,,,2.8,9.0,65,128,DDR4-2666,16,LGA1151,UHD 630,1.05,Yes,Yes,No,No, 4096 x 2304 , 24, 4096 x 2304 , 60, 4096 x 2304 , 60,No,8.0,[],O
145,i3-8300T,i3,8th,Q2,2018.0,14,4,,,4,,,,3.2,8.0,35,64,DDR4-2400,16,LGA1151,UHD 630,1.1,Yes,No,No,No, 4096 x 2304 , 24, 4096 x 2304 , 60, 4096 x 2304 , 60,No,8.0,['T'],T
146,i3-8300,i3,8th,Q2,2018.0,14,4,,,4,,,,3.7,8.0,62,64,DDR4-2400,16,LGA1151,UHD 630,1.15,Yes,No,No,No, 4096 x 2304 , 24, 4096 x 2304 , 60, 4096 x 2304 , 60,No,8.0,[],O
147,i3-8100T,i3,8th,Q2,2018.0,14,4,,,4,,,,3.1,6.0,35,64,DDR4-2400,16,LGA1151,UHD 630,1.1,Yes,No,No,No, 4096 x 2304 , 24, 4096 x 2304 , 60, 4096 x 2304 , 60,No,8.0,['T'],T
148,i7-8700K,i7,8th,Q4,2017.0,14,6,,,12,4.7,,,3.7,12.0,95,128,DDR4-2666,16,LGA1151,UHD 630,1.2,Yes,Yes,No,Yes, 4096 x 2304 , 24, 4096 x 2304 , 60, 4096 x 2304 , 60,No,8.0,['K'],K
149,i7-8700,i7,8th,Q4,2017.0,14,6,,,12,4.6,,,3.2,12.0,65,128,DDR4-2666,16,LGA1151,UHD 630,1.2,Yes,Yes,No,Yes, 4096 x 2304 , 24, 4096 x 2304 , 60, 4096 x 2304 , 60,No,8.0,[],O
150,i5-8600K,i5,8th,Q4,2017.0,14,6,,,6,4.3,,,3.6,9.0,95,128,DDR4-2666,16,LGA1151,UHD 630,1.15,Yes,Yes,No,Yes, 4096 x 2304 , 24, 4096 x 2304 , 60, 4096 x 2304 , 60,No,8.0,['K'],K
151,i5-8400,i5,8th,Q4,2017.0,14,6,,,6,4.0,,,2.8,9.0,65,64,DDR4-2666,16,LGA1151,UHD 630,1.05,Yes,Yes,No,No, 4096 x 2304 , 24, 4096 x 2304 , 60, 4096 x 2304 , 60,No,,[],O
152,i3-8350K,i3,8th,Q4,2017.0,14,4,,,4,,,,4.0,8.0,91,64,DDR4-2400,16,LGA1151,UHD 630,1.15,Yes,No,No,No, 4096 x 2304 , 24, 4096 x 2304 , 60, 4096 x 2304 , 60,No,8.0,['K'],K
153,i3-8100,i3,8th,Q4,2017.0,14,4,,,4,,,,3.6,6.0,65,64,DDR4-2400,16,LGA1151,UHD 630,1.1,Yes,No,No,No, 4096 x 2304 , 24, 4096 x 2304 , 60, 4096 x 2304 , 60,No,8.0,[],O
154,i9-7980XE,i9,X-series,Q3,2017.0,14,18,,,36,4.2,,,2.6,24.75,165,128,DDR4-2666,44,LGA2066,No ,,Yes,Yes,Yes,No,,,,,,,Yes,7.0,['E'],E
155,i9-7960X,i9,X-series,Q3,2017.0,14,16,,,32,4.2,,,2.8,22.0,165,128,DDR4-2666,44,LGA2066,No ,,Yes,Yes,Yes,No,,,,,,,Yes,7.0,[],O
156,i9-7940X,i9,X-series,Q3,2017.0,14,14,,,28,4.3,,,3.1,19.25,165,128,DDR4-2666,44,LGA2066,No ,,Yes,Yes,Yes,No,,,,,,,Yes,7.0,[],O
157,i9-7920X,i9,X-series,Q3,2017.0,14,12,,,24,4.3,,,2.9,16.5,140,128,DDR4-2666,44,LGA2066,No ,,Yes,Yes,Yes,No,,,,,,,Yes,7.0,[],O
158,i9-7900X,i9,X-series,Q2,2017.0,14,10,,,20,4.3,,,3.3,13.75,140,128,DDR4-2666,44,LGA2066,No ,,Yes,Yes,Yes,No,,,,,,,Yes,7.0,[],O
159,i7-7820X,i7,X-series,Q2,2017.0,14,8,,,16,4.5,,,3.6,11.0,140,128,DDR4-2666,28,LGA2066,No ,,Yes,Yes,Yes,No,,,,,,,Yes,7.0,[],O
160,i7-7800X,i7,X-series,Q2,2017.0,14,6,,,12,4.0,,,3.5,8.25,140,128,DDR4-2400,28,LGA2066,No ,,Yes,Yes,No,No,,,,,,,Yes,7.0,[],O
161,i7-7740X,i7,X-series,Q2,2017.0,14,4,,,8,4.5,,,4.3,8.0,112,64,DDR4-2666,16,LGA2066,No ,,Yes,Yes,No,No,,,,,,,Yes,7.0,[],O
162,i5-7640X,i5,X-series,Q2,2017.0,14,4,,,4,4.2,,,4.0,6.0,112,64,DDR4-2666,16,LGA2066,No ,,Yes,Yes,No,No,,,,,,,Yes,7.0,[],O
163,i7-7700T,i7,7th,Q1,2017.0,14,4,,,8,3.8,,,2.9,8.0,35,64,"DDR4-2133/2400,
DDR3L-1333/1600 ",16,LGA1151,HD 630,1.15,Yes,Yes,No,Yes, 4096 x 2304 , 24, 4096 x 2304 , 60, 4096 x 2304 , 60,No,7.0,['T'],T
164,i7-7700K,i7,7th,Q1,2017.0,14,4,,,8,4.5,,,4.2,8.0,91,64,"DDR4-2133/2400, 
DDR3L-1333/1600 ",16,LGA1151,HD 630,1.15,Yes,Yes,No,No, 4096 x 2304 , 24, 4096 x 2304 , 60, 4096 x 2304 , 60,No,7.0,['K'],K
165,i7-7700,i7,7th,Q1,2017.0,14,4,,,8,4.2,,,3.6,8.0,65,64,"DDR4-2133/2400, 
DDR3L-1333/1600 ",16,LGA1151,HD 630,1.15,Yes,Yes,No,Yes, 4096 x 2304 , 24, 4096 x 2304 , 60, 4096 x 2304 , 60,No,7.0,[],O
166,i5-7600T,i5,7th,Q1,2017.0,14,4,,,4,3.7,,,2.8,6.0,35,64,"DDR4-2133/2400, 
DDR3L-1333/1600 ",16,LGA1151,HD 630,1.1,Yes,Yes,No,Yes, 4096 x 2304 , 24, 4096 x 2304 , 60, 4096 x 2304 , 60,No,7.0,['T'],T
167,i5-7600K,i5,7th,Q1,2017.0,14,4,,,4,4.2,,,3.8,6.0,91,64,"DDR4-2133/2400, 
DDR3L-1333/1600 ",16,LGA1151,HD 630,1.15,Yes,Yes,No,No, 4096 x 2304 , 24, 4096 x 2304 , 60, 4096 x 2304 , 60,No,7.0,['K'],K
168,i5-7600,i5,7th,Q1,2017.0,14,4,,,4,4.1,,,3.5,6.0,65,64,"DDR4-2133/2400,
DDR3L-1333/1600 ",16,LGA1151,HD 630,1.15,Yes,Yes,No,Yes, 4096 x 2304 , 24, 4096 x 2304 , 60, 4096 x 2304 , 60,No,7.0,[],O
169,i5-7500T,i5,7th,Q1,2017.0,14,4,,,4,3.3,,,2.7,6.0,35,64,"DDR4-2133/2400, 
DDR3L-1333/1600 ",16,LGA1151,HD 630,1.15,Yes,Yes,No,Yes, 4096 x 2304 , 24, 4096 x 2304 , 60, 4096 x 2304 , 60,No,7.0,['T'],T
170,i5-7500,i5,7th,Q1,2017.0,14,4,,,4,3.8,,,3.4,6.0,65,64,"DDR4-2133/2400, 
DDR3L-1333/1600 ",16,LGA1151,HD 630,1.1,Yes,Yes,No,Yes, 4096 x 2304 , 24, 4096 x 2304 , 60, 4096 x 2304 , 60,No,7.0,[],O
171,i5-7400T,i5,7th,Q1,2017.0,14,4,,,4,3.0,,,2.4,6.0,35,64,"DDR4-2133/2400, 
DDR3L-1333/1600 ",16,LGA1151,HD 630,1.0,Yes,Yes,No,No, 4096 x 2304 , 24, 4096 x 2304 , 60, 4096 x 2304 , 60,No,7.0,['T'],T
172,i5-7400,i5,7th,Q1,2017.0,14,4,,,4,3.5,,,3.0,6.0,65,64,"DDR4-2133/2400, 
DDR3L-1333/1600 ",16,LGA1151,HD 630,1.0,Yes,Yes,No,No, 4096 x 2304 , 24, 4096 x 2304 , 60, 4096 x 2304 , 60,No,7.0,[],O
173,i3-7350K,i3,7th,Q1,2017.0,14,2,,,4,,,,4.2,4.0,60,64,"DDR4-2133/2400, 
DDR3L-1333/1600",16,LGA1151,HD 630,1.15,Yes,No,No,No, 4096 x 2304 , 24, 4096 x 2304 , 60, 4096 x 2304 , 60,No,7.0,['K'],K
174,i3-7320,i3,7th,Q1,2017.0,14,2,,,4,,,,4.1,4.0,51,64,"DDR4-2133/2400, 
DDR3L-1333/1600",16,LGA1151,HD 630,1.15,Yes,No,No,No, 4096 x 2304 , 24, 4096 x 2304 , 60, 4096 x 2304 , 60,No,7.0,[],O
175,i3-7300T,i3,7th,Q1,2017.0,14,2,,,4,,,,3.5,4.0,35,64,"DDR4-2133/2400, 
DDR3L-1333/1600",16,LGA1151,HD 630,1.1,Yes,No,No,No, 4096 x 2304 , 24, 4096 x 2304 , 60, 4096 x 2304 , 60,No,7.0,['T'],T
176,i3-7300,i3,7th,Q1,2017.0,14,2,,,4,,,,4.0,4.0,51,64,"DDR4-2133/2400, 
DDR3L-1333/1600",16,LGA1151,HD 630,1.15,Yes,No,No,No, 4096 x 2304 , 24, 4096 x 2304 , 60, 4096 x 2304 , 60,No,7.0,[],O
177,i3-7101TE,i3,7th,Q1,2017.0,14,2,,,4,,,,3.4,3.0,35,64,"DDR3L-1600,
 DDR4-2400",16,LGA1151,HD 630,1.1,Yes,No,No,No, 4096 x 2304 , 30, 4096 x 2304 , 60, 4096 x 2304 , 60,No,7.0,"['T', 'E']",TE
178,i3-7101E,i3,7th,Q1,2017.0,14,2,,,4,,,,3.9,3.0,54,64,"DDR3L-1600, 
DDR4-2400",16,LGA1151,HD 630,1.1,Yes,No,No,No, 4096 x 2304 , 30, 4096 x 2304 , 60, 4096 x 2304 , 60,No,7.0,['E'],E
179,i3-7100T,i3,7th,Q1,2017.0,14,2,,,4,,,,3.4,3.0,35,64,"DDR4-2133/2400, 
DDR3L-1333/1600 ",16,LGA1151,HD 630,1.1,Yes,No,No,No, 4096 x 2304 , 24, 4096 x 2304 , 60, 4096 x 2304 , 60,No,7.0,['T'],T
180,i3-7100,i3,7th,Q1,2017.0,14,2,,,4,,,,3.9,3.0,51,64,"DDR4-2133/2400, 
DDR3L-1333/1600 ",16,LGA1151,HD 630,1.1,Yes,No,No,No, 4096 x 2304 , 24, 4096 x 2304 , 60, 4096 x 2304 , 60,No,7.0,[],O
181,i7-6950X,i7,X-series,Q2,2016.0,14,10,,,20,4.0,,,3.0,25.0,140,128,DDR4 2400/2133,40,LGA2011-3,No ,,No,Yes,Yes,No,,,,,,,Yes,6.0,[],O
182,i7-6900K,i7,X-series,Q2,2016.0,14,8,,,16,4.0,,,3.2,20.0,140,128,DDR4 2400/2133,40,LGA2011-3,No ,,No,Yes,Yes,No,,,,,,,Yes,6.0,['K'],K
183,i7-6850K,i7,X-series,Q2,2016.0,14,6,,,12,4.0,,,3.6,15.0,140,128,DDR4 2400/2133,40,LGA2011-3,No ,,No,Yes,Yes,No,,,,,,,Yes,6.0,['K'],K
184,i7-6800K,i7,X-series,Q2,2016.0,14,6,,,12,3.8,,,3.4,15.0,140,128,DDR4 2400/2133,28,LGA2011-3,No ,,No,Yes,Yes,No,,,,,,,Yes,6.0,['K'],K
185,i5-6685R,i5,6th,Q2,2016.0,14,4,,,4,3.8,,,3.2,6.0,65,64,"DDR4-1866/2133, 
DDR3L-1333/1600 ",16,FCLGA1151,Iris® Pro 580,1.15,No,Yes,No,No, 4096 x 2304 , 24, 4096 x 2304 , 60, 4096 x 2304 , 60,No,6.0,['R'],
186,i5-6585R,i5,6th,Q2,2016.0,14,4,,,4,3.6,,,2.8,6.0,65,64,"DDR4-1866/2133, 
DDR3L-1333/1600 ",16,FCLGA1151,Iris® Pro 580,1.1,No,Yes,No,No, 4096 x 2304 , 24, 4096 x 2304 , 60, 4096 x 2304 , 60,No,6.0,['R'],
187,i5-6402P,i5,6th,Q4,2015.0,14,4,,,4,3.4,,,2.8,6.0,65,64,"DDR4-1866/2133, 
DDR3L-1333/1600 ",16,FCLGA1151,HD 510,0.95,No,Yes,No,No, 4096 x 2304 , 24, 4096 x 2304 , 60, 4096 x 2304 , 60,No,6.0,['P'],P
188,i3-6098P,i3,6th,Q4,2015.0,14,2,,,4,,,,3.6,3.0,54,64,"DDR4-1866/2133, 
DDR3L-1333/1600 ",16,FCLGA1151,HD 510,1.05,No,No,No,No, 4096 x 2304 , 24, 4096 x 2304 , 60, 4096 x 2304 , 60,No,6.0,['P'],P
189,i7-6700T,i7,6th,Q3,2015.0,14,4,,,8,3.6,,,2.8,8.0,35,64,"DDR4-1866/2133, 
DDR3L-1333/1600 ",16,FCLGA1151,HD 530 ,1.15,No,Yes,No,Yes, 4096 x 2304 , 24, 4096 x 2304 , 60, 4096 x 2304 , 60,No,6.0,['T'],T
190,i7-6700K,i7,6th,Q3,2015.0,14,4,,,8,4.2,,,4.0,8.0,91,64,"DDR4-1866/2133, 
DDR3L-1333/1600 ",16,FCLGA1151,HD 530 ,1.15,No,Yes,No,No, 4096 x 2304 , 24, 4096 x 2304 , 60, 4096 x 2304 , 60,No,6.0,['K'],K
191,i7-6700,i7,6th,Q3,2015.0,14,4,,,8,4.0,,,3.4,8.0,65,64,"DDR4-1866/2133, 
DDR3L-1333/1600 ",16,FCLGA1151,HD 530 ,1.15,No,Yes,No,Yes, 4096 x 2304 , 24, 4096 x 2304 , 60, 4096 x 2304 , 60,No,6.0,[],O
192,i5-6600T,i5,6th,Q3,2015.0,14,4,,,4,3.5,,,2.7,6.0,35,64,"DDR4-1866/2133, 
DDR3L-1333/1600 ",16,FCLGA1151,HD 530 ,1.1,No,Yes,No,Yes, 4096 x 2304 , 24, 4096 x 2304 , 60, 4096 x 2304 , 60,No,6.0,['T'],T
193,i5-6600K,i5,6th,Q3,2015.0,14,4,,,4,3.9,,,3.5,6.0,91,64,"DDR4-1866/2133, 
DDR3L-1333/1600 ",16,FCLGA1151,HD 530 ,1.15,No,Yes,No,No, 4096 x 2304 , 24, 4096 x 2304 , 60, 4096 x 2304 , 60,No,6.0,['K'],K
194,i5-6600,i5,6th,Q3,2015.0,14,4,,,4,3.9,,,3.3,6.0,65,64,"DDR4-1866/2133, 
DDR3L-1333/1600 ",16,FCLGA1151,HD 530 ,1.15,No,Yes,No,Yes, 4096 x 2304 , 24, 4096 x 2304 , 60, 4096 x 2304 , 60,No,6.0,[],O
195,i5-6500T,i5,6th,Q3,2015.0,14,4,,,4,3.1,,,2.5,6.0,35,64,"DDR4-1866/2133, 
DDR3L-1333/1600 ",16,FCLGA1151,HD 530 ,1.1,No,Yes,No,Yes, 4096 x 2304 , 24, 4096 x 2304 , 60, 4096 x 2304 , 60,No,6.0,['T'],T
196,i5-6500,i5,6th,Q3,2015.0,14,4,,,4,3.6,,,3.2,6.0,65,64,"DDR4-1866/2133, 
DDR3L-1333/1600 ",16,FCLGA1151,HD 530 ,1.05,No,Yes,No,Yes, 4096 x 2304 , 24, 4096 x 2304 , 60, 4096 x 2304 , 60,No,6.0,[],O
197,i5-6400T,i5,6th,Q3,2015.0,14,4,,,4,2.8,,,2.2,6.0,35,64,"DDR4-1866/2133, 
DDR3L-1333/1600 ",16,FCLGA1151,HD 530,0.95,No,Yes,No,No, 4096 x 2304 , 24, 4096 x 2304 , 60, 4096 x 2304 , 60,No,6.0,['T'],T
198,i5-6400,i5,6th,Q3,2015.0,14,4,,,4,3.3,,,2.7,6.0,65,64,"DDR4-1866/2133, 
DDR3L-1333/1600 ",16,FCLGA1151,HD 530,0.95,No,Yes,No,No, 4096 x 2304 , 24, 4096 x 2304 , 60, 4096 x 2304 , 60,No,6.0,[],O
199,i3-6320,i3,6th,Q3,2015.0,14,2,,,4,,,,3.9,4.0,51,64,"DDR4-1866/2133, 
DDR3L-1333/1600 ",16,FCLGA1151,HD 530,1.05,No,No,No,No, 4096 x 2304 , 24, 4096 x 2304 , 60, 4096 x 2304 , 60,No,6.0,[],O
200,i3-6300T,i3,6th,Q3,2015.0,14,2,,,4,,,,3.3,4.0,35,64,"DDR4-1866/2133, 
DDR3L-1333/1600 ",16,FCLGA1151,HD 530,0.95,No,No,No,No, 4096 x 2304 , 24, 4096 x 2304 , 60, 4096 x 2304 , 60,No,6.0,['T'],T
201,i3-6300,i3,6th,Q3,2015.0,14,2,,,4,,,,3.8,4.0,51,64,"DDR4-1866/2133, 
DDR3L-1333/1600 ",16,FCLGA1151,HD 530,1.15,No,No,No,No, 4096 x 2304 , 24, 4096 x 2304 , 60, 4096 x 2304 , 60,No,6.0,[],O
202,i3-6100T,i3,6th,Q3,2015.0,14,2,,,4,,,,3.2,3.0,35,64,"DDR4-1866/2133, 
DDR3L-1333/1600 ",16,FCLGA1151,HD 530,0.95,No,No,No,No, 4096 x 2304 , 24, 4096 x 2304 , 60, 4096 x 2304 , 60,No,6.0,['T'],T
203,i3-6100,i3,6th,Q3,2015.0,14,2,,,4,,,,3.7,3.0,51,64,"DDR4-1866/2133, 
DDR3L-1333/1600 ",16,FCLGA1151,HD 530,1.05,No,No,No,No, 4096 x 2304 , 24, 4096 x 2304 , 60, 4096 x 2304 , 60,No,6.0,[],O
204,i5-5675R,i5,5th,Q2,2015.0,14,4,,,4,3.6,,,3.1,4.0,65,32,"DDR3 
L1333/1600/1866 ",16,FCBGA1364,Iris® Pro 6200,1.1,No,Yes,No,No, 4096 x 2304 , 24, 3840 x 2160 , 60, 3840x 2160 , 60,No,5.0,['R'],
205,i5-5675C,i5,5th,Q2,2015.0,14,4,,,4,3.6,,,3.1,4.0,65,32,DDR3L-1333/1600 ,16,FCLGA1150,Iris® Pro 6200,1.1,No,Yes,No,No, 4096 x 2304 , 24, 3840 x 2160 , 60, 3840x 2160 , 60,No,5.0,[],
206,i5-5575R,i5,5th,Q2,2015.0,14,4,,,4,3.3,,,2.8,4.0,65,32,"DDR3L 
1333/1600/1866 ",16,FCBGA1364,Iris® Pro 6200,1.05,No,Yes,No,No, 4096 x 2304 , 24, 3840 x 2160 , 60, 3840x 2160 , 60,No,5.0,['R'],
207,i3-4170,i3,4th,Q1,2015.0,22,2,,,4,,,,3.7,3.0,54,32,"DDR3-1333/1600, 
DDR3L-1333/1600 ",16,LGA1150,HD 4400,1.15,No,No,No,No, 4096 x 2304 , 24, 3840 x 2160 , 60, 3840x 2160 , 60,No,4.0,[],O
208,i3-4170T,i3,4th,Q1,2015.0,22,2,,,4,,,,3.2,3.0,35,32,"DDR3-1333/1600, 
DDR3L-1333/1600 ",16,LGA1150,HD 4400,1.15,No,No,No,No, 4096 x 2304 , 24, 3840 x 2160 , 60, 3840x 2160 , 60,No,4.0,['T'],T
209,i3-4370T,i3,4th,Q1,2015.0,22,2,,,4,,,,3.3,4.0,35,32,"DDR3-1333/1600, 
DDR3L-1333/1600 ",16,LGA1150,HD 4600,1.15,No,No,No,No, 4096 x 2304 , 24, 3840 x 2160 , 60, 3840x 2160 , 60,No,4.0,['T'],T
210,i7-5960X,i7,X-series,Q3,2014.0,22,8,,,16,3.5,,,3.0,20.0,140,64,"DDR4
1600/1866/2133",40,LGA2011-3,No ,,No,Yes,No,No,,,,,,,Yes,5.0,[],O
211,i7-5930K,i7,X-series,Q3,2014.0,22,6,,,12,3.7,,,3.5,15.0,140,64,"DDR4
1600/1866/2133",40,LGA2011-3,No ,,No,Yes,No,No,,,,,,,Yes,5.0,['K'],K
212,i7-5820K,i7,X-series,Q3,2014.0,22,6,,,12,3.6,,,3.3,15.0,140,64,"DDR4
1600/1866/2133",28,LGA2011-3,No ,,No,Yes,No,No,,,,,,,Yes,5.0,['K'],K
213,i3-4160,i3,4th,Q3,2014.0,22,2,,,4,,,,3.6,3.0,54,32,"DDR3-1333/1600, 
DDR3L-1333/1600 ",16,LGA1150,HD 4400,1.15,No,No,No,No, 4096 x 2304 , 24, 3840 x 2160 , 60, 3840x 2160 , 60,No,4.0,[],O
214,i3-4160T,i3,4th,Q3,2014.0,22,2,,,4,,,,3.1,3.0,35,32,"DDR3-1333/1600, 
DDR3L-1333/1600 ",16,LGA1150,HD 4400,1.15,No,No,No,No, 4096 x 2304 , 24, 3840 x 2160 , 60, 3840x 2160 , 60,No,4.0,['T'],T
215,i3-4360T,i3,4th,Q3,2014.0,22,2,,,4,,,,3.2,4.0,35,32,"DDR3-1333/1600, 
DDR3L-1333/1600 ",16,LGA1150,HD 4600,1.15,No,No,No,No, 4096 x 2304 , 24, 3840 x 2160 , 60, 3840x 2160 , 60,No,4.0,['T'],T
216,i3-4370,i3,4th,Q3,2014.0,22,2,,,4,,,,3.8,4.0,54,32,"DDR3-1333/1600, 
DDR3L-1333/1600 ",16,LGA1150,HD 4600,1.15,No,No,No,No, 4096 x 2304 , 24, 3840 x 2160 , 60, 3840x 2160 , 60,No,4.0,[],O
217,i3-4150,i3,4th,Q2,2014.0,22,2,,,4,,,,3.5,3.0,54,32,"DDR3-1333/1600, 
DDR3L-1333/1600 ",16,LGA1150,HD 4400,1.15,No,No,No,No, 4096 x 2304 , 24, 3840 x 2160 , 60, 3840x 2160 , 60,No,4.0,[],O
218,i3-4150T,i3,4th,Q2,2014.0,22,2,,,4,,,,3.0,3.0,35,32,"DDR3-1333/1600, 
DDR3L-1333/1600 ",16,LGA1150,HD 4400,1.15,No,No,No,No, 4096 x 2304 , 24, 3840 x 2160 , 60, 3840x 2160 , 60,No,4.0,['T'],T
219,i3-4350,i3,4th,Q2,2014.0,22,2,,,4,,,,3.6,4.0,54,32,"DDR3-1333/1600, 
DDR3L-1333/1600 ",16,LGA1150,HD 4600,1.15,No,No,No,No, 4096 x 2304 , 24, 3840 x 2160 , 60, 3840x 2160 , 60,No,4.0,[],O
220,i3-4350T,i3,4th,Q2,2014.0,22,2,,,4,,,,3.1,4.0,35,32,"DDR3-1333/1600, 
DDR3L-1333/1600 ",16,LGA1150,HD 4600,1.15,No,No,No,No, 4096 x 2304 , 24, 3840 x 2160 , 60, 3840x 2160 , 60,No,4.0,['T'],T
221,i3-4360,i3,4th,Q2,2014.0,22,2,,,4,,,,3.7,4.0,54,32,"DDR3-1333/1600, 
DDR3L-1333/1600 ",16,LGA1150,HD 4600,1.15,No,No,No,No, 4096 x 2304 , 24, 3840 x 2160 , 60, 3840x 2160 , 60,No,4.0,[],O
222,i5-4460,i5,4th,Q2,2014.0,22,4,,,4,3.4,,,3.2,6.0,84,32,"DDR3-1333/1600, 
DDR3L-1333/1600 ",16,LGA1150,HD 4600,1.1,No,Yes,No,No, 4096 x 2304 , 24, 3840 x 2160 , 60, 3840x 2160 , 60,No,4.0,[],O
223,i5-4460S,i5,4th,Q2,2014.0,22,4,,,4,3.4,,,2.9,6.0,65,32,"DDR3-1333/1600, 
DDR3L-1333/1600 ",16,LGA1150,HD 4600,1.1,No,Yes,No,No, 4096 x 2304 , 24, 3840 x 2160 , 60, 3840x 2160 , 60,No,4.0,['S'],S
224,i5-4460T,i5,4th,Q2,2014.0,22,4,,,4,2.7,,,1.9,6.0,35,32,"DDR3-1333/1600, 
DDR3L-1333/1600 ",16,LGA1150,HD 4600,1.1,No,Yes,No,No, 4096 x 2304 , 24, 3840 x 2160 , 60, 3840x 2160 , 60,No,4.0,['T'],T
225,i5-4590,i5,4th,Q2,2014.0,22,4,,,4,3.7,,,3.3,6.0,84,32,"DDR3-1333/1600, 
DDR3L-1333/1600 ",16,LGA1150,HD 4600,1.15,No,Yes,No,Yes, 4096 x 2304 , 24, 3840 x 2160 , 60, 3840x 2160 , 60,No,4.0,[],O
226,i5-4590S,i5,4th,Q2,2014.0,22,4,,,4,3.7,,,3.0,6.0,65,32,"DDR3-1333/1600, 
DDR3L-1333/1600 ",16,LGA1150,HD 4600,1.15,No,Yes,No,Yes, 4096 x 2304 , 24, 3840 x 2160 , 60, 3840x 2160 , 60,No,4.0,['S'],S
227,i5-4590T,i5,4th,Q2,2014.0,22,4,,,4,3.0,,,2.0,6.0,35,32,"DDR3-1333/1600, 
DDR3L-1333/1600 ",16,LGA1150,HD 4600,1.15,No,Yes,No,Yes, 4096 x 2304 , 24, 3840 x 2160 , 60, 3840x 2160 , 60,No,4.0,['T'],T
228,i5-4690,i5,4th,Q2,2014.0,22,4,,,4,3.9,,,3.5,6.0,84,32,"DDR3-1333/1600, 
DDR3L-1333/1600 ",16,LGA1150,HD 4600,1.2,No,Yes,No,Yes, 4096 x 2304 , 24, 3840 x 2160 , 60, 3840x 2160 , 60,No,4.0,[],O
229,i5-4690K,i5,4th,Q2,2014.0,22,4,,,4,3.9,,,3.5,6.0,88,32,"DDR3-1333/1600, 
DDR3L-1333/1600 ",16,LGA1150,HD 4600,1.2,No,Yes,No,No, 3840 x 2160 , 24, 3840 x 2160 , 60, 3840 x 2160 , 60,No,4.0,['K'],K
230,i5-4690S,i5,4th,Q2,2014.0,22,4,,,4,3.9,,,3.2,6.0,65,32,"DDR3-1333/1600, 
DDR3L-1333/1600 ",16,LGA1150,HD 4600,1.2,No,Yes,No,Yes, 4096 x 2304 , 24, 3840 x 2160 , 60, 3840x 2160 , 60,No,4.0,['S'],S
231,i5-4690T,i5,4th,Q2,2014.0,22,4,,,4,3.5,,,2.5,6.0,45,32,"DDR3-1333/1600, 
DDR3L-1333/1600 ",16,LGA1150,HD 4600,1.2,No,Yes,No,Yes, 4096 x 2304 , 24, 3840 x 2160 , 60, 3840x 2160 , 60,No,4.0,['T'],T
232,i7-4785T,i7,4th,Q2,2014.0,22,4,,,8,3.2,,,2.2,8.0,35,32,"DDR3-1333/1600, 
DDR3L-1333/1600 ",16,LGA1150,HD 4600,1.2,No,Yes,No,Yes, 4096 x 2304 , 24, 3840 x 2160 , 60, 3840x 2160 , 60,No,4.0,['T'],
233,i7-4790,i7,4th,Q2,2014.0,22,4,,,8,4.0,,,3.6,8.0,84,32,"DDR3-1333/1600, 
DDR3L-1333/1600 ",16,LGA1150,HD 4600,1.2,No,Yes,No,Yes, 4096 x 2304 , 24, 3840 x 2160 , 60, 3840x 2160 , 60,No,4.0,[],O
234,i7-4790K,i7,4th,Q2,2014.0,22,4,,,8,4.4,,,4.0,8.0,88,32,"DDR3-1333/1600, 
DDR3L-1333/1600 ",16,LGA1150,HD 4600,1.25,No,Yes,No,No, 3840 x 2160 , 24, 3840 x 2160 , 60, 3840 x 2160 , 60,No,4.0,['K'],K
235,i7-4790S,i7,4th,Q2,2014.0,22,4,,,8,4.0,,,3.2,8.0,65,32,"DDR3-1333/1600, 
DDR3L-1333/1600 ",16,LGA1150,HD 4600,1.2,No,Yes,No,Yes, 4096 x 2304 , 24, 3840 x 2160 , 60, 3840x 2160 , 60,No,4.0,['S'],S
236,i7-4790T,i7,4th,Q2,2014.0,22,4,,,8,3.9,,,2.7,8.0,45,32,"DDR3-1333/1600, 
DDR3L-1333/1600 ",16,LGA1150,HD 4600,1.2,No,Yes,No,Yes, 4096 x 2304 , 24, 3840 x 2160 , 60, 3840x 2160 , 60,No,4.0,['T'],T
237,i3-4130,i3,4th,Q3,2013.0,22,2,,,4,,,,3.4,3.0,54,32,"DDR3-1333/1600, 
DDR3L-1333/1600",16,LGA1150,HD 4400,1.15,No,No,No,No, 4096 x 2304 , 24, 3840 x 2160 , 60, 3840x 2160 , 60,No,4.0,[],O
238,i3-4130T,i3,4th,Q3,2013.0,22,2,,,4,,,,2.9,3.0,35,32,"DDR3-1333/1600, 
DDR3L-1333/1600",16,LGA1150,HD 4400,1.15,No,No,No,No, 4096 x 2304 , 24, 3840 x 2160 , 60, 3840x 2160 , 60,No,4.0,['T'],T
239,i3-4330,i3,4th,Q3,2013.0,22,2,,,4,,,,3.5,4.0,54,32,"DDR3-1333/1600, 
DDR3L-1333/1600",16,LGA1150,HD 4600,1.15,No,No,No,No, 4096 x 2304 , 24, 3840 x 2160 , 60, 3840x 2160 , 60,No,4.0,[],O
240,i3-4330T,i3,4th,Q3,2013.0,22,2,,,4,,,,3.0,4.0,35,32,"DDR3-1333/1600, 
DDR3L-1333/1600",16,LGA1150,HD 4600,1.15,No,No,No,No, 4096 x 2304 , 24, 3840 x 2160 , 60, 3840x 2160 , 60,No,4.0,['T'],T
241,i3-4340,i3,4th,Q3,2013.0,22,2,,,4,,,,3.6,4.0,54,32,"DDR3-1333/1600, 
DDR3L-1333/1600",16,LGA1150,HD 4600,1.15,No,No,No,No, 4096 x 2304 , 24, 3840 x 2160 , 60, 3840x 2160 , 60,No,4.0,[],O
242,i5-4440,i5,4th,Q3,2013.0,22,4,,,4,3.3,,,3.1,6.0,84,32,"DDR3-1333/1600, 
DDR3L-1333/1600",16,LGA1150,HD 4600,1.1,No,Yes,No,No, 4096 x 2304 , 24, 3840 x 2160 , 60, 3840x 2160 , 60,No,4.0,[],O
243,i5-4440S,i5,4th,Q3,2013.0,22,4,,,4,3.3,,,2.8,6.0,65,32,"DDR3-1333/1600,
DDR3L-1333/1600",16,LGA1150,HD 4600,1.1,No,Yes,No,No, 4096 x 2304 , 24, 3840 x 2160 , 60, 3840x 2160 , 60,No,4.0,['S'],S
244,i7-4771,i7,4th,Q3,2013.0,22,4,,,8,3.9,,,3.5,8.0,84,32,"DDR3-1333/1600, 
DDR3L-1333/1600",16,LGA1150,HD 4600,1.1,No,Yes,No,Yes, 4096 x 2304 , 24, 3840 x 2160 , 60, 3840x 2160 , 60,No,4.0,[],
245,i7-4820K,i7,4th,Q3,2013.0,22,4,,,8,3.9,,,3.7,10.0,130,64,DDR3 1333/1600/1866,40,LGA2011,No ,,No,Yes,No,No,,,,,,,No,4.0,['K'],K
246,i7-4930K,i7,4th,Q3,2013.0,22,6,,,12,3.9,,,3.4,12.0,130,64,"DDR3
1333/1600/1866",40,LGA2011,No ,,No,Yes,No,No,,,,,,,No,4.0,['K'],K
247,i7-4960X,i7,X-series,Q3,2013.0,22,6,,,12,4.0,,,3.6,15.0,130,64,"DDR3
1333/1600/1866",40,LGA2011,No ,,No,Yes,No,No,,,,,,,Yes,4.0,[],O
248,i5-4430,i5,4th,Q2,2013.0,22,4,,,4,3.2,,,3.0,6.0,84,32,"DDR3-1333/1600, 
DDR3L-1333/1600",16,LGA1150,HD 4600,1.1,No,Yes,No,No, 4096 x 2304 , 24, 3840 x 2160 , 60, 3840x 2160 , 60,No,4.0,[],O
249,i5-4430S,i5,4th,Q2,2013.0,22,4,,,4,3.2,,,2.7,6.0,65,32,"DDR3-1333/1600, 
DDR3L-1333/1600",16,LGA1150,HD 4600,1.1,No,Yes,No,No, 4096 x 2304 , 24, 3840 x 2160 , 60, 3840x 2160 , 60,No,4.0,['S'],S
250,i5-4570,i5,4th,Q2,2013.0,22,4,,,4,3.6,,,3.2,6.0,84,32,"DDR3-1333/1600, 
DDR3L-1333/1600",16,LGA1150,HD 4600,1.15,No,Yes,No,Yes, 4096 x 2304 , 24, 3840 x 2160 , 60, 3840x 2160 , 60,No,4.0,[],O
251,i5-4570R,i5,4th,Q2,2013.0,22,4,,,4,3.2,,,2.7,4.0,65,32,"DDR3 & DDR3L
 1333/1600",16,FCBGA1364,Iris® Pro 5200,1.15,No,Yes,No,No, 3840 x 2160 , 60, 3840 x 2160 , 60, 3840 x 2160, 60,No,4.0,['R'],R
252,i5-4570S,i5,4th,Q2,2013.0,22,4,,,4,3.6,,,2.9,6.0,65,32,"DDR3-1333/1600, 
DDR3L-1333/1600",16,LGA1150,HD 4600,1.15,No,Yes,No,Yes, 4096 x 2304 , 24, 3840 x 2160 , 60, 3840x 2160 , 60,No,4.0,['S'],S
253,i5-4570T,i5,4th,Q2,2013.0,22,2,,,4,3.6,,,2.9,4.0,35,32,"DDR3-1333/1600, 
DDR3L-1333/1600",16,LGA1150,HD 4600,1.15,No,Yes,No,Yes, 4096 x 2304 , 24, 3840 x 2160 , 60, 3840x 2160 , 60,No,4.0,['T'],T
254,i5-4670,i5,4th,Q2,2013.0,22,4,,,4,3.8,,,3.4,6.0,84,32,"DDR3-1333/1600, 
DDR3L-1333/1600",16,LGA1150,HD 4600,1.2,No,Yes,No,yes, 4096 x 2304 , 24, 3840 x 2160 , 60, 3840x 2160 , 60,No,4.0,[],O
255,i5-4670K,i5,4th,Q2,2013.0,22,4,,,4,3.8,,,3.4,6.0,84,32,"DDR3-1333/1600, 
DDR3L-1333/1600",16,LGA1150,HD 4600,1.2,No,Yes,No,No, 4096 x 2304 , 24, 3840 x 2160 , 60, 3840x 2160 , 60,No,4.0,['K'],K
256,i5-4670R,i5,4th,Q2,2013.0,22,4,,,4,3.7,,,3.0,4.0,65,32,"DDR3 &DDR3L
1333/1600",16,FCBGA1364,HD 5200,1.3,No,Yes,No,No, 3840 x 2160, 60, 3840 x 2160 , 60, 3840 x 2160 , 60,No,4.0,['R'],R
257,i5-4670S,i5,4th,Q2,2013.0,22,4,,,4,3.8,,,3.1,6.0,65,32,"DDR3-1333/1600, 
DDR3L-1333/1600",16,LGA1150,HD 4600,1.2,No,Yes,No,yes, 4096 x 2304 , 24, 3840 x 2160 , 60, 3840x 2160 , 60,No,4.0,['S'],S
258,i5-4670T,i5,4th,Q2,2013.0,22,4,,,4,3.3,,,2.3,6.0,45,32,"DDR3-1333/1600, 
DDR3L-1333/1600",16,LGA1150,HD 4600,1.2,No,Yes,No,yes, 4096 x 2304 , 24, 3840 x 2160 , 60, 3840x 2160 , 60,No,4.0,['T'],T
259,i7-4765T,i7,4th,Q2,2013.0,22,4,,,8,3.0,,,2.0,8.0,35,32,"DDR3-1333/1600, 
DDR3L-1333/1600",16,LGA1150,HD 4600,1.2,No,Yes,No,No, 4096 x 2304 , 24, 3840 x 2160 , 60, 3840x 2160 , 60,No,4.0,['T'],
260,i7-4770,i7,4th,Q2,2013.0,22,4,,,8,3.9,,,3.4,8.0,84,32,"DDR3-1333/1600, 
DDR3L-1333/1600",16,LGA1150,HD4600,1.2,No,Yes,No,Yes, 4096 x 2304 , 24, 3840 x 2160 , 60, 3840x 2160 , 60,No,4.0,[],O
261,i7-4770K,i7,4th,Q2,2013.0,22,4,,,8,3.9,,,3.5,8.0,84,32,"DDR3-1333/1600, 
DDR3L-1333/1600",16,LGA1150,HD 4600,1.25,No,Yes,No,No, 4096 x 2304 , 24, 3840 x 2160 , 60, 3840x 2160 , 60,No,4.0,['K'],K
262,i7-4770R,i7,4th,Q2,2013.0,22,4,,,8,3.9,,,3.2,6.0,65,32,"DDR3 & DDR3L
1333/1600",16,FCBGA1364,HD 5200,1.3,No,Yes,No,No, 3840 x 2160 , 30, 3840 x 2160 , 60,,,No,4.0,['R'],R
263,i7-4770S,i7,4th,Q2,2013.0,22,4,,,8,3.9,,,3.1,8.0,65,32,"DDR3-1333/1600, 
DDR3L-1333/1600",16,LGA1150,HD 4600,1.2,No,Yes,No,Yes, 4096 x 2304 , 24, 3840 x 2160 , 60, 3840x 2160 , 60,No,4.0,['S'],S
264,i7-4770T,i7,4th,Q2,2013.0,22,4,,,8,3.7,,,2.5,8.0,45,32,"DDR3-1333/1600, 
DDR3L-1333/1600",16,LGA1150,HD 4600,1.2,No,Yes,No,Yes, 4096 x 2304 , 24, 3840 x 2160 , 60, 3840x 2160 , 60,No,4.0,['T'],T
